size,position,failureTask,repetition,baselineMs,recoveryMs,baselineTasks,recoveryTasks,tasksAvoided,taskAvoidancePercent,timeReductionPercent
5,early,t02,1,22898,16070,5,4,1,20.00,29.82
5,early,t02,2,22916,19080,5,4,1,20.00,16.74
5,early,t02,3,20926,19076,5,4,1,20.00,8.84
5,middle,t03,1,20930,13063,5,3,2,40.00,37.59
5,middle,t03,2,23878,13045,5,3,2,40.00,45.37
5,middle,t03,3,22915,13062,5,3,2,40.00,43.00
5,late,t05,1,20892,6005,5,1,4,80.00,71.26
5,late,t05,2,22918,7014,5,1,4,80.00,69.40
5,late,t05,3,20917,5003,5,1,4,80.00,76.08
10,early,t02,1,42075,40184,10,9,1,10.00,4.49
10,early,t02,2,43033,38229,10,9,1,10.00,11.16
10,early,t02,3,49097,40269,10,9,1,10.00,17.98
10,middle,t05,1,43010,28123,10,6,4,40.00,34.61
10,middle,t05,2,46049,25128,10,6,4,40.00,45.43
10,middle,t05,3,50105,30165,10,6,4,40.00,39.80
10,late,t10,1,52045,5011,10,1,9,90.00,90.37
10,late,t10,2,46048,5023,10,1,9,90.00,89.09
10,late,t10,3,43001,5007,10,1,9,90.00,88.36
